species,id,sex,x,y,UTMzone,datetime
Bungarus fasciatus,BUFA001,M,820757,1608473,47N,2015-08-16 00:00
Bungarus fasciatus,BUFA001,M,820757,1608473,47N,2015-08-19 00:00
Bungarus fasciatus,BUFA001,M,820757,1608473,47N,2015-08-23 00:00
Bungarus fasciatus,BUFA001,M,820757,1608473,47N,2015-08-26 00:00
Bungarus fasciatus,BUFA001,M,820757,1608473,47N,2015-08-28 00:00
Bungarus fasciatus,BUFA001,M,821441,1608828,47N,2015-09-02 00:00
Bungarus fasciatus,BUFA001,M,821369,1608550,47N,2015-09-05 00:00
Bungarus fasciatus,BUFA001,M,821350,1608486,47N,2015-09-07 00:00
Bungarus fasciatus,BUFA001,M,821350,1608486,47N,2015-09-08 00:00
Bungarus fasciatus,BUFA001,M,821370,1608494,47N,2015-09-14 00:00
Bungarus fasciatus,BUFA001,M,821276,1608183,47N,2015-09-23 00:00
Bungarus fasciatus,BUFA001,M,821497,1609329,47N,2015-09-25 00:00
Bungarus fasciatus,BUFA001,M,821576,1608195,47N,2015-09-28 00:00
Bungarus fasciatus,BUFA001,M,821576,1608195,47N,2015-09-29 00:00
Bungarus fasciatus,BUFA001,M,821276,1608183,47N,2015-10-03 00:00
Bungarus fasciatus,BUFA001,M,821276,1608183,47N,2015-10-04 00:00
Bungarus fasciatus,BUFA001,M,821276,1608183,47N,2015-10-05 00:00
Bungarus fasciatus,BUFA001,M,821276,1608183,47N,2015-10-07 00:00
Bungarus fasciatus,BUFA001,M,821276,1608183,47N,2015-10-08 00:00
Bungarus fasciatus,BUFA001,M,821276,1608183,47N,2015-10-09 00:00
Bungarus fasciatus,BUFA001,M,821591,1608189,47N,2015-10-15 00:00
Bungarus fasciatus,BUFA001,M,822087,1608198,47N,2015-10-16 00:00
Bungarus fasciatus,BUFA001,M,821661,1608249,47N,2015-10-17 00:00
Bungarus fasciatus,BUFA001,M,821265,1608154,47N,2015-10-19 00:00
Bungarus fasciatus,BUFA001,M,821288,1608194,47N,2015-10-20 00:00
Bungarus fasciatus,BUFA001,M,821334,1608348,47N,2015-10-21 00:00
Bungarus fasciatus,BUFA001,M,822102,1608210,47N,2015-10-26 00:00
Bungarus fasciatus,BUFA001,M,822086,1608188,47N,2015-10-30 00:00
Bungarus fasciatus,BUFA001,M,821684,1608602,47N,2015-12-02 00:00
Bungarus fasciatus,BUFA001,M,821698,1608626,47N,2015-12-03 00:00
Bungarus fasciatus,BUFA001,M,821320,1608204,47N,2015-12-05 00:00
Bungarus fasciatus,BUFA001,M,821593,1608181,47N,2015-12-06 00:00
Bungarus fasciatus,BUFA001,M,821776,1608753,47N,2015-12-07 00:00
Bungarus fasciatus,BUFA001,M,821776,1608753,47N,2015-12-08 00:00
Bungarus fasciatus,BUFA001,M,821844,1608835,47N,2015-12-09 00:00
Bungarus fasciatus,BUFA001,M,821846,1608843,47N,2015-12-10 00:00
Bungarus fasciatus,BUFA001,M,821869,1608835,47N,2015-12-11 00:00
Bungarus fasciatus,BUFA001,M,821852,1608838,47N,2015-12-12 00:00
Bungarus fasciatus,BUFA001,M,821852,1608838,47N,2015-12-13 00:00
Bungarus fasciatus,BUFA001,M,821852,1608838,47N,2015-12-14 00:00
Bungarus fasciatus,BUFA001,M,821852,1608838,47N,2015-12-15 00:00
Bungarus fasciatus,BUFA001,M,821028,1609077,47N,2015-12-18 00:00
Bungarus fasciatus,BUFA001,M,821228,1609060,47N,2015-12-19 00:00
Bungarus fasciatus,BUFA001,M,821527,1608641,47N,2015-12-20 00:00
Bungarus fasciatus,BUFA001,M,821527,1608641,47N,2015-12-21 00:00
Bungarus fasciatus,BUFA001,M,821527,1608641,47N,2015-12-22 00:00
Bungarus fasciatus,BUFA001,M,821527,1608641,47N,2015-12-23 00:00
Bungarus fasciatus,BUFA001,M,821527,1608641,47N,2015-12-24 00:00
Bungarus fasciatus,BUFA001,M,821527,1608641,47N,2015-12-25 00:00
Bungarus fasciatus,BUFA001,M,821574,1608634,47N,2015-12-26 00:00
Bungarus fasciatus,BUFA001,M,821574,1608634,47N,2015-12-27 00:00
Bungarus fasciatus,BUFA001,M,821577,1608311,47N,2015-12-28 00:00
Bungarus fasciatus,BUFA001,M,821577,1608311,47N,2015-12-29 00:00
Bungarus fasciatus,BUFA001,M,821580,1608628,47N,2015-12-30 00:00
Bungarus fasciatus,BUFA001,M,821580,1608628,47N,2015-12-31 00:00
Bungarus fasciatus,BUFA001,M,821228,1608196,47N,2016-01-01 00:00
Bungarus fasciatus,BUFA001,M,821228,1608196,47N,2016-01-03 00:00
Bungarus fasciatus,BUFA001,M,820763,1608471,47N,2016-01-05 00:00
Bungarus fasciatus,BUFA001,M,820763,1608471,47N,2016-01-06 00:00
Bungarus fasciatus,BUFA001,M,820763,1608471,47N,2016-01-07 00:00
Bungarus fasciatus,BUFA001,M,820763,1608471,47N,2016-01-08 00:00
Bungarus fasciatus,BUFA001,M,820763,1608471,47N,2016-01-09 00:00
Bungarus fasciatus,BUFA001,M,820763,1608471,47N,2016-01-10 00:00
Bungarus fasciatus,BUFA001,M,820763,1608471,47N,2016-01-11 00:00
Bungarus fasciatus,BUFA001,M,820763,1608471,47N,2016-01-12 00:00
Bungarus fasciatus,BUFA001,M,820795,1608469,47N,2016-01-13 00:00
Bungarus fasciatus,BUFA001,M,820851,1608473,47N,2016-01-14 00:00
Bungarus fasciatus,BUFA001,M,820851,1608473,47N,2016-01-15 00:00
Bungarus fasciatus,BUFA001,M,820918,1608478,47N,2016-01-16 00:00
Bungarus fasciatus,BUFA001,M,820918,1608478,47N,2016-01-17 00:00
Bungarus fasciatus,BUFA001,M,820918,1608478,47N,2016-01-18 00:00
Bungarus fasciatus,BUFA001,M,820918,1608478,47N,2016-01-19 00:00
Bungarus fasciatus,BUFA001,M,820918,1608478,47N,2016-01-20 00:00
Bungarus fasciatus,BUFA001,M,820918,1608478,47N,2016-01-21 00:00
Bungarus fasciatus,BUFA001,M,820918,1608478,47N,2016-01-22 00:00
Bungarus fasciatus,BUFA001,M,820918,1608478,47N,2016-01-23 00:00
Bungarus fasciatus,BUFA001,M,820918,1608478,47N,2016-01-24 00:00
Bungarus fasciatus,BUFA001,M,820918,1608478,47N,2016-01-25 00:00
Bungarus fasciatus,BUFA001,M,820918,1608478,47N,2016-01-26 00:00
Bungarus fasciatus,BUFA001,M,820918,1608478,47N,2016-01-27 00:00
Bungarus fasciatus,BUFA001,M,820918,1608478,47N,2016-01-28 00:00
Bungarus fasciatus,BUFA001,M,820670,1608527,47N,2016-01-31 00:00
Bungarus fasciatus,BUFA001,M,820670,1608527,47N,2016-02-01 00:00
Bungarus fasciatus,BUFA001,M,820670,1608527,47N,2016-02-03 00:00
Bungarus fasciatus,BUFA001,M,820670,1608527,47N,2016-02-04 00:00
Bungarus fasciatus,BUFA001,M,820670,1608527,47N,2016-02-07 00:00
Bungarus fasciatus,BUFA001,M,820670,1608527,47N,2016-02-08 00:00
Bungarus fasciatus,BUFA001,M,820670,1608527,47N,2016-02-09 00:00
Bungarus fasciatus,BUFA001,M,820670,1608527,47N,2016-02-10 00:00
Bungarus fasciatus,BUFA001,M,820670,1608527,47N,2016-02-11 00:00
Bungarus fasciatus,BUFA001,M,820670,1608527,47N,2016-02-13 00:00
Bungarus fasciatus,BUFA001,M,820670,1608531,47N,2016-02-14 00:00
Bungarus fasciatus,BUFA001,M,820670,1608531,47N,2016-02-15 00:00
Bungarus fasciatus,BUFA001,M,820670,1608531,47N,2016-02-16 00:00
Bungarus fasciatus,BUFA001,M,820939,1608549,47N,2016-02-17 00:00
Bungarus fasciatus,BUFA001,M,820670,1608531,47N,2016-02-18 00:00
Bungarus fasciatus,BUFA001,M,820670,1608531,47N,2016-02-19 00:00
Bungarus fasciatus,BUFA001,M,820670,1608531,47N,2016-02-21 00:00
Bungarus fasciatus,BUFA001,M,820670,1608531,47N,2016-02-22 00:00
Bungarus fasciatus,BUFA001,M,820670,1608531,47N,2016-02-23 00:00
Bungarus fasciatus,BUFA001,M,820670,1608531,47N,2016-02-24 00:00
Bungarus fasciatus,BUFA001,M,820670,1608531,47N,2016-02-25 00:00
Bungarus fasciatus,BUFA001,M,820670,1608531,47N,2016-02-26 00:00
Bungarus fasciatus,BUFA001,M,820673,1608555,47N,2016-02-27 00:00
Bungarus fasciatus,BUFA001,M,820725,1608380,47N,2016-03-09 00:00
Bungarus fasciatus,BUFA001,M,820757,1608473,47N,2016-03-29 00:00
Bungarus fasciatus,BUFA001,M,820758,1608479,47N,2016-04-03 00:00
Bungarus fasciatus,BUFA001,M,820758,1608479,47N,2016-04-04 00:00
Bungarus fasciatus,BUFA001,M,820939,1608549,47N,2016-04-08 00:00
Bungarus fasciatus,BUFA001,M,820757,1608473,47N,2016-04-10 00:00
Bungarus fasciatus,BUFA001,M,820757,1608473,47N,2016-04-12 00:00
Bungarus fasciatus,BUFA001,M,820757,1608473,47N,2016-04-13 00:00
Bungarus fasciatus,BUFA001,M,820757,1608473,47N,2016-04-18 00:00
Bungarus fasciatus,BUFA001,M,820773,1608416,47N,2016-05-11 00:00
Bungarus fasciatus,BUFA001,M,821452,1608846,47N,2016-05-12 00:00
Bungarus fasciatus,BUFA001,M,821452,1608846,47N,2016-05-13 00:00
Bungarus fasciatus,BUFA001,M,821452,1608846,47N,2016-05-19 00:00
Bungarus fasciatus,BUFA001,M,821452,1608846,47N,2016-05-23 00:00
Bungarus fasciatus,BUFA001,M,821452,1608846,47N,2016-05-25 00:00
Bungarus fasciatus,BUFA001,M,820757,1608473,47N,2016-05-28 00:00
Bungarus fasciatus,BUFA001,M,820757,1608473,47N,2016-05-31 00:00
Bungarus fasciatus,BUFA001,M,820757,1608473,47N,2016-06-15 00:00
Bungarus fasciatus,BUFA001,M,820757,1608473,47N,2016-06-18 00:00
Bungarus fasciatus,BUFA001,M,821312,1608203,47N,2016-07-29 00:00
Bungarus fasciatus,BUFA001,M,821060,1608299,47N,2016-08-10 00:00
Bungarus fasciatus,BUFA001,M,821060,1608299,47N,2016-08-17 00:00
Bungarus fasciatus,BUFA001,M,821060,1608299,47N,2016-08-21 00:00
Bungarus fasciatus,BUFA001,M,821060,1608299,47N,2016-08-23 00:00
Bungarus fasciatus,BUFA001,M,821060,1608299,47N,2016-09-05 00:00
Bungarus fasciatus,BUFA001,M,821060,1608299,47N,2016-09-11 00:00
Bungarus fasciatus,BUFA001,M,821356,1608448,47N,2016-09-18 00:00
Bungarus fasciatus,BUFA001,M,821484,1608992,47N,2016-10-01 00:00
Bungarus fasciatus,BUFA001,M,821484,1608992,47N,2016-10-02 00:00
Bungarus fasciatus,BUFA001,M,821484,1608992,47N,2016-10-03 00:00
Bungarus fasciatus,BUFA001,M,821484,1608992,47N,2016-10-04 00:00
Bungarus fasciatus,BUFA001,M,821484,1608992,47N,2016-10-05 00:00
Bungarus fasciatus,BUFA001,M,821484,1608992,47N,2016-10-06 00:00
Bungarus fasciatus,BUFA001,M,821484,1608992,47N,2016-10-07 00:00
Bungarus fasciatus,BUFA001,M,821484,1608992,47N,2016-10-08 00:00
Bungarus fasciatus,BUFA001,M,821484,1608992,47N,2016-10-09 00:00
Bungarus fasciatus,BUFA001,M,821484,1608992,47N,2016-10-10 00:00
Bungarus fasciatus,BUFA001,M,821360,1608418,47N,2016-10-11 00:00
Bungarus fasciatus,BUFA001,M,821591,1608189,47N,2016-10-12 00:00
Bungarus fasciatus,BUFA001,M,821591,1608189,47N,2016-10-13 00:00
Bungarus fasciatus,BUFA001,M,821591,1608189,47N,2016-10-14 00:00
Bungarus fasciatus,BUFA001,M,821366,1608434,47N,2016-10-15 00:00
Bungarus fasciatus,BUFA001,M,821587,1608191,47N,2016-10-16 00:00
Bungarus fasciatus,BUFA001,M,821587,1608191,47N,2016-10-17 00:00
Bungarus fasciatus,BUFA001,M,821524,1608172,47N,2016-10-18 00:00
Bungarus fasciatus,BUFA001,M,821524,1608172,47N,2016-10-19 00:00
Bungarus fasciatus,BUFA001,M,821524,1608172,47N,2016-10-20 00:00
Bungarus fasciatus,BUFA001,M,821524,1608172,47N,2016-10-21 00:00
Bungarus fasciatus,BUFA001,M,821524,1608172,47N,2016-10-22 00:00
Bungarus fasciatus,BUFA001,M,821524,1608172,47N,2016-10-23 00:00
Bungarus fasciatus,BUFA001,M,821524,1608172,47N,2016-10-24 00:00
Bungarus fasciatus,BUFA001,M,821524,1608172,47N,2016-10-25 00:00
Bungarus fasciatus,BUFA001,M,821524,1608172,47N,2016-10-26 00:00
Bungarus fasciatus,BUFA001,M,821292,1608165,47N,2016-10-27 00:00
Bungarus fasciatus,BUFA001,M,821591,1608189,47N,2016-10-28 00:00
Bungarus fasciatus,BUFA001,M,821572,1609444,47N,2016-10-29 00:00
Bungarus fasciatus,BUFA001,M,821782,1608744,47N,2016-10-30 00:00
Bungarus fasciatus,BUFA001,M,821543,1608177,47N,2016-10-31 00:00
Bungarus fasciatus,BUFA001,M,821591,1608189,47N,2016-11-01 00:00
Bungarus fasciatus,BUFA001,M,821591,1608189,47N,2016-11-02 00:00
Bungarus fasciatus,BUFA001,M,821591,1608189,47N,2016-11-03 00:00
Bungarus fasciatus,BUFA001,M,821591,1608189,47N,2016-11-04 00:00
Bungarus fasciatus,BUFA001,M,821591,1608189,47N,2016-11-05 00:00
Bungarus fasciatus,BUFA001,M,821591,1608189,47N,2016-11-06 00:00
Bungarus fasciatus,BUFA001,M,821591,1608189,47N,2016-11-07 00:00
Bungarus fasciatus,BUFA001,M,821591,1608189,47N,2016-11-08 00:00
Bungarus fasciatus,BUFA001,M,821591,1608189,47N,2016-11-09 00:00
Bungarus fasciatus,BUFA001,M,821591,1608189,47N,2016-11-10 00:00
Bungarus fasciatus,BUFA001,M,821591,1608189,47N,2016-11-11 00:00
Bungarus fasciatus,BUFA001,M,821591,1608189,47N,2016-11-12 00:00
Bungarus fasciatus,BUFA001,M,821591,1608189,47N,2016-11-13 00:00
Bungarus fasciatus,BUFA001,M,821292,1608165,47N,2016-11-14 00:00
Bungarus fasciatus,BUFA001,M,821086,1609093,47N,2016-11-15 00:00
Bungarus fasciatus,BUFA001,M,820772,1608377,47N,2016-11-17 00:00
Bungarus fasciatus,BUFA001,M,821363,1608445,47N,2016-11-21 00:00
Bungarus fasciatus,BUFA001,M,821515,1608181,47N,2016-11-26 00:00
Bungarus fasciatus,BUFA001,M,821515,1608181,47N,2016-11-27 00:00
Bungarus fasciatus,BUFA001,M,821515,1608181,47N,2016-11-28 00:00
Bungarus fasciatus,BUFA001,M,821515,1608181,47N,2016-11-29 00:00
Bungarus fasciatus,BUFA001,M,820890,1608354,47N,2016-12-07 00:00
Bungarus fasciatus,BUFA001,M,820890,1608354,47N,2016-12-08 00:00
Bungarus fasciatus,BUFA001,M,820896,1608289,47N,2016-12-09 00:00
Bungarus fasciatus,BUFA001,M,820896,1608289,47N,2016-12-10 00:00
Bungarus fasciatus,BUFA001,M,820896,1608289,47N,2016-12-11 00:00
Bungarus fasciatus,BUFA001,M,820896,1608289,47N,2016-12-12 00:00
Bungarus fasciatus,BUFA001,M,820909,1607898,47N,2016-12-13 00:00
Bungarus fasciatus,BUFA001,M,820896,1608289,47N,2016-12-14 00:00
Bungarus fasciatus,BUFA001,M,820890,1608354,47N,2016-12-15 00:00
Bungarus fasciatus,BUFA001,M,821349,1608493,47N,2016-12-16 00:00
Bungarus fasciatus,BUFA001,M,821358,1608353,47N,2016-12-17 00:00
Bungarus fasciatus,BUFA001,M,821358,1608353,47N,2016-12-20 00:00
Bungarus fasciatus,BUFA001,M,821358,1608353,47N,2016-12-23 00:00
Bungarus fasciatus,BUFA001,M,821358,1608353,47N,2016-12-24 00:00
Bungarus fasciatus,BUFA001,M,821358,1608353,47N,2016-12-26 00:00
Bungarus fasciatus,BUFA001,M,821358,1608353,47N,2016-12-27 00:00
Bungarus fasciatus,BUFA001,M,821358,1608353,47N,2016-12-28 00:00
Bungarus fasciatus,BUFA001,M,821358,1608353,47N,2016-12-29 00:00
Bungarus fasciatus,BUFA001,M,821515,1608181,47N,2016-12-30 00:00
Bungarus fasciatus,BUFA001,M,821591,1608189,47N,2016-12-31 00:00
Bungarus fasciatus,BUFA001,M,821591,1608189,47N,2017-01-01 00:00
Bungarus fasciatus,BUFA001,M,821591,1608189,47N,2017-01-02 00:00
Bungarus fasciatus,BUFA001,M,821591,1608189,47N,2017-01-03 00:00
Bungarus fasciatus,BUFA001,M,821591,1608189,47N,2017-01-04 00:00
Bungarus fasciatus,BUFA001,M,821579,1608191,47N,2017-01-05 00:00
Bungarus fasciatus,BUFA001,M,821579,1608191,47N,2017-01-06 00:00
Bungarus fasciatus,BUFA001,M,820889,1608328,47N,2017-01-07 00:00
Bungarus fasciatus,BUFA001,M,820735,1608074,47N,2017-01-08 00:00
Bungarus fasciatus,BUFA001,M,820688,1607997,47N,2017-01-09 00:00
Bungarus fasciatus,BUFA001,M,820688,1607997,47N,2017-01-10 00:00
Bungarus fasciatus,BUFA001,M,820688,1607997,47N,2017-01-11 00:00
Bungarus fasciatus,BUFA001,M,820688,1607997,47N,2017-01-12 00:00
Bungarus fasciatus,BUFA001,M,821383,1608037,47N,2017-01-13 00:00
Bungarus fasciatus,BUFA001,M,821383,1608037,47N,2017-01-14 00:00
Bungarus fasciatus,BUFA001,M,821579,1608191,47N,2017-01-21 00:00
Bungarus fasciatus,BUFA001,M,821579,1608191,47N,2017-01-23 00:00
Bungarus fasciatus,BUFA001,M,821579,1608191,47N,2017-01-24 00:00
Bungarus fasciatus,BUFA001,M,821579,1608191,47N,2017-01-25 00:00
Bungarus fasciatus,BUFA001,M,821579,1608191,47N,2017-01-26 00:00
Bungarus fasciatus,BUFA001,M,821579,1608191,47N,2017-01-27 00:00
Bungarus fasciatus,BUFA001,M,821572,1608213,47N,2017-01-28 00:00
Bungarus fasciatus,BUFA001,M,821579,1608191,47N,2017-01-29 00:00
Bungarus fasciatus,BUFA001,M,821579,1608191,47N,2017-01-30 00:00
Bungarus fasciatus,BUFA001,M,821579,1608191,47N,2017-01-31 00:00
Bungarus fasciatus,BUFA001,M,821579,1608191,47N,2017-02-01 00:00
Bungarus fasciatus,BUFA001,M,821579,1608191,47N,2017-02-02 00:00
Bungarus fasciatus,BUFA001,M,821579,1608191,47N,2017-02-03 00:00
Bungarus fasciatus,BUFA001,M,821579,1608191,47N,2017-02-04 00:00
Bungarus fasciatus,BUFA001,M,821579,1608191,47N,2017-02-05 00:00
Bungarus fasciatus,BUFA001,M,821579,1608191,47N,2017-02-06 00:00
Bungarus fasciatus,BUFA001,M,821576,1608195,47N,2017-02-07 00:00
Bungarus fasciatus,BUFA001,M,821576,1608195,47N,2017-02-08 00:00
Bungarus fasciatus,BUFA001,M,821576,1608195,47N,2017-02-09 00:00
Bungarus fasciatus,BUFA001,M,821576,1608195,47N,2017-02-10 00:00
Bungarus fasciatus,BUFA001,M,821576,1608195,47N,2017-02-11 00:00
Bungarus fasciatus,BUFA001,M,821576,1608195,47N,2017-02-12 00:00
Bungarus fasciatus,BUFA001,M,821576,1608195,47N,2017-02-13 00:00
Bungarus fasciatus,BUFA001,M,821576,1608195,47N,2017-02-14 00:00
Bungarus fasciatus,BUFA001,M,821572,1608213,47N,2017-02-15 00:00
Bungarus fasciatus,BUFA001,M,821572,1608213,47N,2017-02-16 00:00
Bungarus fasciatus,BUFA001,M,821517,1608315,47N,2017-02-17 00:00
Bungarus fasciatus,BUFA001,M,821517,1608315,47N,2017-02-18 00:00
Bungarus fasciatus,BUFA001,M,821517,1608315,47N,2017-02-19 00:00
Bungarus fasciatus,BUFA001,M,821517,1608315,47N,2017-02-20 00:00
Bungarus fasciatus,BUFA001,M,821517,1608315,47N,2017-02-21 00:00
Bungarus fasciatus,BUFA001,M,821517,1608315,47N,2017-02-22 00:00
Bungarus fasciatus,BUFA001,M,821517,1608315,47N,2017-02-23 00:00
Bungarus fasciatus,BUFA001,M,821517,1608315,47N,2017-02-24 00:00
Bungarus fasciatus,BUFA001,M,821517,1608315,47N,2017-02-25 00:00
Bungarus fasciatus,BUFA001,M,821517,1608315,47N,2017-02-26 00:00
Bungarus fasciatus,BUFA001,M,821517,1608315,47N,2017-03-01 00:00
Bungarus fasciatus,BUFA001,M,821517,1608315,47N,2017-03-02 00:00
Bungarus fasciatus,BUFA001,M,821517,1608315,47N,2017-03-03 00:00
Bungarus fasciatus,BUFA001,M,821517,1608315,47N,2017-03-04 00:00
Bungarus fasciatus,BUFA001,M,821517,1608315,47N,2017-03-05 00:00
Bungarus fasciatus,BUFA001,M,821517,1608315,47N,2017-03-06 00:00
Bungarus fasciatus,BUFA001,M,821517,1608315,47N,2017-03-07 00:00
Bungarus fasciatus,BUFA001,M,821517,1608315,47N,2017-03-08 00:00
Bungarus fasciatus,BUFA001,M,821576,1608195,47N,2017-03-10 00:00
Bungarus fasciatus,BUFA001,M,821576,1608195,47N,2017-03-11 00:00
Bungarus fasciatus,BUFA001,M,821576,1608195,47N,2017-03-12 00:00
Bungarus fasciatus,BUFA001,M,821582,1608013,47N,2017-03-14 00:00
Bungarus fasciatus,BUFA001,M,821313,1608190,47N,2017-03-15 00:00
Bungarus fasciatus,BUFA001,M,821313,1608190,47N,2017-03-17 00:00
Bungarus fasciatus,BUFA001,M,821313,1608190,47N,2017-03-18 00:00
Bungarus fasciatus,BUFA001,M,821582,1608013,47N,2017-03-19 00:00
Bungarus fasciatus,BUFA001,M,821582,1608013,47N,2017-03-20 00:00
Bungarus fasciatus,BUFA001,M,821582,1608013,47N,2017-03-21 00:00
Bungarus fasciatus,BUFA001,M,821546,1608012,47N,2017-03-22 00:00
Bungarus fasciatus,BUFA001,M,821546,1608012,47N,2017-03-23 00:00
Bungarus fasciatus,BUFA001,M,821546,1608012,47N,2017-03-24 00:00
Bungarus fasciatus,BUFA001,M,821546,1608012,47N,2017-03-25 00:00
Bungarus fasciatus,BUFA001,M,821546,1608012,47N,2017-03-27 00:00
Bungarus fasciatus,BUFA001,M,821546,1608012,47N,2017-03-28 00:00
Bungarus fasciatus,BUFA001,M,821546,1608012,47N,2017-03-29 00:00
Bungarus fasciatus,BUFA001,M,821546,1608012,47N,2017-03-30 00:00
Bungarus fasciatus,BUFA001,M,821546,1608012,47N,2017-03-31 00:00
Bungarus fasciatus,BUFA001,M,821546,1608012,47N,2017-04-01 00:00
Bungarus fasciatus,BUFA001,M,821578,1608000,47N,2017-04-02 00:00
Bungarus fasciatus,BUFA001,M,821578,1608000,47N,2017-04-03 00:00
Bungarus fasciatus,BUFA001,M,821578,1608000,47N,2017-04-04 00:00
Bungarus fasciatus,BUFA001,M,821578,1608000,47N,2017-04-05 00:00
Bungarus fasciatus,BUFA001,M,821576,1608012,47N,2017-04-06 00:00
Bungarus fasciatus,BUFA001,M,820900,1608392,47N,2017-04-07 00:00
Bungarus fasciatus,BUFA001,M,821021,1608773,47N,2017-04-08 00:00
Bungarus fasciatus,BUFA001,M,820935,1608564,47N,2017-04-09 00:00
Bungarus fasciatus,BUFA001,M,820935,1608564,47N,2017-04-10 00:00
Bungarus fasciatus,BUFA001,M,820935,1608564,47N,2017-04-11 00:00
Bungarus fasciatus,BUFA001,M,820935,1608564,47N,2017-04-12 00:00
Bungarus fasciatus,BUFA001,M,820935,1608564,47N,2017-04-13 00:00
Bungarus fasciatus,BUFA001,M,820782,1608448,47N,2017-04-14 00:00
Bungarus fasciatus,BUFA001,M,820792,1608464,47N,2017-04-15 00:00
Bungarus fasciatus,BUFA001,M,820792,1608464,47N,2017-04-16 00:00
Bungarus fasciatus,BUFA001,M,820792,1608464,47N,2017-04-17 00:00
Bungarus fasciatus,BUFA001,M,820792,1608464,47N,2017-04-18 00:00
Bungarus fasciatus,BUFA001,M,820792,1608464,47N,2017-04-19 00:00
Bungarus fasciatus,BUFA001,M,820729,1608375,47N,2017-04-20 00:00
Bungarus fasciatus,BUFA001,M,820935,1608564,47N,2017-04-21 00:00
Bungarus fasciatus,BUFA001,M,820935,1608564,47N,2017-04-22 00:00
Bungarus fasciatus,BUFA001,M,820935,1608564,47N,2017-04-24 00:00
Bungarus fasciatus,BUFA001,M,820935,1608564,47N,2017-04-25 00:00
Bungarus fasciatus,BUFA001,M,820935,1608564,47N,2017-04-26 00:00
Bungarus fasciatus,BUFA001,M,820935,1608564,47N,2017-04-27 00:00
Bungarus fasciatus,BUFA001,M,820792,1608464,47N,2017-05-03 00:00
Bungarus fasciatus,BUFA001,M,820792,1608464,47N,2017-05-04 00:00
Bungarus fasciatus,BUFA001,M,820795,1608469,47N,2017-05-05 00:00
Bungarus fasciatus,BUFA001,M,820780,1608465,47N,2017-05-06 00:00
Bungarus fasciatus,BUFA001,M,820729,1608375,47N,2017-05-07 00:00
Bungarus fasciatus,BUFA001,M,820591,1608516,47N,2017-05-08 00:00
Bungarus fasciatus,BUFA001,M,820552,1608534,47N,2017-05-09 00:00
Bungarus fasciatus,BUFA001,M,820626,1608717,47N,2017-05-10 00:00
Bungarus fasciatus,BUFA001,M,820571,1608853,47N,2017-05-11 00:00
Bungarus fasciatus,BUFA001,M,820557,1608882,47N,2017-05-12 00:00
Bungarus fasciatus,BUFA001,M,820464,1608819,47N,2017-05-13 00:00
Bungarus fasciatus,BUFA001,M,820645,1609178,47N,2017-05-14 00:00
Bungarus fasciatus,BUFA001,M,820840,1609196,47N,2017-05-15 00:00
Bungarus fasciatus,BUFA001,M,820840,1609196,47N,2017-05-16 00:00
Bungarus fasciatus,BUFA001,M,820903,1609214,47N,2017-05-17 00:00
Bungarus fasciatus,BUFA001,M,820903,1609214,47N,2017-05-18 00:00
Bungarus fasciatus,BUFA001,M,820903,1609214,47N,2017-05-19 00:00
Bungarus fasciatus,BUFA001,M,820903,1609214,47N,2017-05-20 00:00
Bungarus fasciatus,BUFA001,M,820903,1609214,47N,2017-05-21 00:00
Bungarus fasciatus,BUFA001,M,820903,1609214,47N,2017-05-22 00:00
Bungarus fasciatus,BUFA001,M,820903,1609214,47N,2017-05-23 00:00
Bungarus fasciatus,BUFA001,M,820903,1609214,47N,2017-05-24 00:00
Bungarus fasciatus,BUFA001,M,820903,1609214,47N,2017-05-28 00:00
Bungarus fasciatus,BUFA001,M,820857,1609199,47N,2017-05-29 00:00
Bungarus fasciatus,BUFA001,M,820857,1609199,47N,2017-05-30 00:00
Bungarus fasciatus,BUFA001,M,820851,1609212,47N,2017-05-31 00:00
Bungarus fasciatus,BUFA001,M,820857,1609199,47N,2017-06-01 00:00
Bungarus fasciatus,BUFA001,M,820857,1609199,47N,2017-06-02 00:00
Bungarus fasciatus,BUFA001,M,820857,1609199,47N,2017-06-03 00:00
Bungarus fasciatus,BUFA001,M,820857,1609199,47N,2017-06-04 00:00
Bungarus fasciatus,BUFA001,M,820857,1609199,47N,2017-06-05 00:00
Bungarus fasciatus,BUFA001,M,820857,1609199,47N,2017-06-06 00:00
Bungarus fasciatus,BUFA001,M,820857,1609199,47N,2017-06-07 00:00
Bungarus fasciatus,BUFA001,M,820857,1609199,47N,2017-06-08 00:00
Bungarus fasciatus,BUFA001,M,820857,1609199,47N,2017-06-09 00:00
Bungarus fasciatus,BUFA001,M,821500,1609279,47N,2017-06-10 00:00
Bungarus fasciatus,BUFA001,M,821572,1609444,47N,2017-06-11 00:00
Bungarus fasciatus,BUFA001,M,821484,1608992,47N,2017-06-12 00:00
Bungarus fasciatus,BUFA001,M,821405,1608714,47N,2017-06-13 00:00
Bungarus fasciatus,BUFA001,M,821359,1608493,47N,2017-06-14 00:00
Bungarus fasciatus,BUFA001,M,821359,1608493,47N,2017-06-15 00:00
Bungarus fasciatus,BUFA001,M,821359,1608493,47N,2017-06-16 00:00
Bungarus fasciatus,BUFA001,M,821359,1608493,47N,2017-06-17 00:00
Bungarus fasciatus,BUFA001,M,821359,1608493,47N,2017-06-18 00:00
Bungarus fasciatus,BUFA001,M,821359,1608493,47N,2017-06-20 00:00
Bungarus fasciatus,BUFA001,M,821359,1608493,47N,2017-06-21 00:00
Bungarus fasciatus,BUFA001,M,821359,1608493,47N,2017-06-22 00:00
Bungarus fasciatus,BUFA001,M,821359,1608493,47N,2017-06-23 00:00
Bungarus fasciatus,BUFA001,M,821359,1608493,47N,2017-06-24 00:00
Bungarus fasciatus,BUFA001,M,821353,1608437,47N,2017-06-25 00:00
Bungarus fasciatus,BUFA001,M,821353,1608437,47N,2017-06-26 00:00
Bungarus fasciatus,BUFA001,M,821670,1608263,47N,2017-06-27 00:00
Bungarus fasciatus,BUFA001,M,821670,1608263,47N,2017-06-28 00:00
Bungarus fasciatus,BUFA001,M,821591,1608196,47N,2017-06-29 00:00
Bungarus fasciatus,BUFA001,M,821597,1608214,47N,2017-06-30 00:00
Bungarus fasciatus,BUFA001,M,821591,1608196,47N,2017-07-01 00:00
Bungarus fasciatus,BUFA001,M,821591,1608196,47N,2017-07-02 00:00
Bungarus fasciatus,BUFA001,M,821591,1608196,47N,2017-07-03 00:00
Bungarus fasciatus,BUFA001,M,821591,1608196,47N,2017-07-04 00:00
Bungarus fasciatus,BUFA001,M,821312,1608199,47N,2017-07-05 00:00
Bungarus fasciatus,BUFA001,M,821312,1608199,47N,2017-07-06 00:00
Bungarus fasciatus,BUFA001,M,821353,1608330,47N,2017-07-07 00:00
Bungarus fasciatus,BUFA001,M,821351,1608323,47N,2017-07-08 00:00
Bungarus fasciatus,BUFA001,M,821413,1608725,47N,2017-07-09 00:00
Bungarus fasciatus,BUFA001,M,821468,1609008,47N,2017-07-10 00:00
Bungarus fasciatus,BUFA001,M,821534,1609442,47N,2017-07-11 00:00
Bungarus fasciatus,BUFA001,M,821555,1609442,47N,2017-07-12 00:00
Bungarus fasciatus,BUFA001,M,821546,1609445,47N,2017-07-13 00:00
Bungarus fasciatus,BUFA001,M,821546,1609445,47N,2017-07-14 00:00
Bungarus fasciatus,BUFA001,M,821546,1609445,47N,2017-07-15 00:00
Bungarus fasciatus,BUFA001,M,821546,1609445,47N,2017-07-16 00:00
Bungarus fasciatus,BUFA001,M,821546,1609445,47N,2017-07-17 00:00
Bungarus fasciatus,BUFA001,M,821546,1609445,47N,2017-07-18 00:00
Bungarus fasciatus,BUFA001,M,821546,1609445,47N,2017-07-19 00:00
Bungarus fasciatus,BUFA001,M,821546,1609445,47N,2017-07-24 00:00
Bungarus fasciatus,BUFA001,M,821546,1609445,47N,2017-07-25 00:00
Bungarus fasciatus,BUFA001,M,821546,1609445,47N,2017-07-26 00:00
Bungarus fasciatus,BUFA001,M,821546,1609445,47N,2017-07-27 00:00
Bungarus fasciatus,BUFA001,M,821546,1609445,47N,2017-07-28 00:00
Bungarus fasciatus,BUFA001,M,821546,1609445,47N,2017-07-29 00:00
Bungarus fasciatus,BUFA001,M,821579,1608191,47N,2017-08-03 00:00
Bungarus fasciatus,BUFA001,M,821579,1608191,47N,2017-08-04 00:00
Bungarus fasciatus,BUFA001,M,821579,1608191,47N,2017-08-05 00:00
Bungarus fasciatus,BUFA001,M,821579,1608191,47N,2017-08-06 00:00
Bungarus fasciatus,BUFA001,M,821579,1608191,47N,2017-08-07 00:00
Bungarus fasciatus,BUFA001,M,821579,1608191,47N,2017-08-08 00:00
Bungarus fasciatus,BUFA001,M,821544,1607939,47N,2017-08-09 00:00
Bungarus fasciatus,BUFA001,M,821544,1607939,47N,2017-08-10 00:00
Bungarus fasciatus,BUFA001,M,820905,1608127,47N,2017-08-11 00:00
Bungarus fasciatus,BUFA001,M,820753,1608348,47N,2017-08-12 00:00
Bungarus fasciatus,BUFA001,M,820792,1608464,47N,2017-08-13 00:00
Bungarus fasciatus,BUFA001,M,820774,1608436,47N,2017-08-14 00:00
Bungarus fasciatus,BUFA001,M,820774,1608436,47N,2017-08-15 00:00
Bungarus fasciatus,BUFA001,M,820774,1608436,47N,2017-08-16 00:00
Bungarus fasciatus,BUFA001,M,820774,1608436,47N,2017-08-17 00:00
Bungarus fasciatus,BUFA001,M,820774,1608436,47N,2017-08-18 00:00
Bungarus fasciatus,BUFA001,M,820774,1608436,47N,2017-08-19 00:00
Bungarus fasciatus,BUFA001,M,820774,1608436,47N,2017-08-20 00:00
Bungarus fasciatus,BUFA001,M,820774,1608436,47N,2017-08-22 00:00
Bungarus fasciatus,BUFA001,M,820774,1608436,47N,2017-08-23 00:00
Bungarus fasciatus,BUFA001,M,820774,1608436,47N,2017-08-25 00:00
Bungarus fasciatus,BUFA001,M,820774,1608436,47N,2017-08-26 00:00
Bungarus fasciatus,BUFA001,M,820763,1608471,47N,2017-08-27 00:00
Bungarus fasciatus,BUFA001,M,820763,1608471,47N,2017-08-28 00:00
Bungarus fasciatus,BUFA001,M,820725,1608380,47N,2017-08-29 00:00
Bungarus fasciatus,BUFA001,M,820725,1608380,47N,2017-08-30 00:00
Bungarus fasciatus,BUFA001,M,820725,1608380,47N,2017-09-01 00:00
Bungarus fasciatus,BUFA001,M,820725,1608380,47N,2017-09-02 00:00
Bungarus fasciatus,BUFA001,M,820725,1608380,47N,2017-09-03 00:00
Bungarus fasciatus,BUFA001,M,820725,1608380,47N,2017-09-04 00:00
Bungarus fasciatus,BUFA001,M,820725,1608380,47N,2017-09-05 00:00
Bungarus fasciatus,BUFA001,M,820725,1608380,47N,2017-09-06 00:00
Bungarus fasciatus,BUFA001,M,820795,1608469,47N,2017-09-07 00:00
Bungarus fasciatus,BUFA001,M,821072,1608816,47N,2017-09-08 00:00
Bungarus fasciatus,BUFA001,M,820725,1608380,47N,2017-09-09 00:00
Bungarus fasciatus,BUFA001,M,820725,1608380,47N,2017-09-10 00:00
Bungarus fasciatus,BUFA001,M,820725,1608380,47N,2017-09-11 00:00
Bungarus fasciatus,BUFA001,M,820725,1608380,47N,2017-09-12 00:00
Bungarus fasciatus,BUFA001,M,820725,1608380,47N,2017-09-13 00:00
Bungarus fasciatus,BUFA001,M,820725,1608380,47N,2017-09-14 00:00
Bungarus fasciatus,BUFA001,M,820725,1608380,47N,2017-09-16 00:00
Bungarus fasciatus,BUFA001,M,820725,1608380,47N,2017-09-17 00:00
Bungarus fasciatus,BUFA001,M,820725,1608380,47N,2017-09-18 00:00
Bungarus fasciatus,BUFA001,M,820725,1608380,47N,2017-09-19 00:00
Bungarus fasciatus,BUFA001,M,820725,1608380,47N,2017-09-20 00:00
Bungarus fasciatus,BUFA001,M,820725,1608380,47N,2017-09-21 00:00
Bungarus fasciatus,BUFA001,M,820725,1608380,47N,2017-09-22 00:00
Bungarus fasciatus,BUFA001,M,820935,1608564,47N,2017-09-23 00:00
Bungarus fasciatus,BUFA001,M,821374,1608619,47N,2017-09-24 00:00
Bungarus fasciatus,BUFA001,M,821323,1608213,47N,2017-09-25 00:00
Bungarus fasciatus,BUFA001,M,821323,1608213,47N,2017-09-26 00:00
Bungarus fasciatus,BUFA001,M,821323,1608213,47N,2017-09-27 00:00
Bungarus fasciatus,BUFA001,M,821323,1608213,47N,2017-09-28 00:00
Bungarus fasciatus,BUFA001,M,821323,1608213,47N,2017-09-29 00:00
Bungarus fasciatus,BUFA001,M,821320,1608297,47N,2017-09-30 00:00
Bungarus fasciatus,BUFA001,M,821581,1608203,47N,2017-10-01 00:00
Bungarus fasciatus,BUFA001,M,821702,1608018,47N,2017-10-02 00:00
Bungarus fasciatus,BUFA001,M,821487,1607620,47N,2017-10-03 00:00
Bungarus fasciatus,BUFA001,M,821487,1607620,47N,2017-10-04 00:00
Bungarus fasciatus,BUFA001,M,821321,1608242,47N,2017-10-05 00:00
Bungarus fasciatus,BUFA001,M,821321,1608242,47N,2017-10-06 00:00
Bungarus fasciatus,BUFA001,M,821487,1608965,47N,2017-10-08 00:00
Bungarus fasciatus,BUFA001,M,821487,1608965,47N,2017-10-10 00:00
Bungarus fasciatus,BUFA001,M,821487,1608965,47N,2017-10-11 00:00
Bungarus fasciatus,BUFA001,M,821487,1608965,47N,2017-10-12 00:00
Bungarus fasciatus,BUFA001,M,821487,1608965,47N,2017-10-15 00:00
Bungarus fasciatus,BUFA001,M,821487,1608965,47N,2017-10-16 00:00
Bungarus fasciatus,BUFA001,M,821487,1608965,47N,2017-10-19 00:00
Bungarus fasciatus,BUFA001,M,821487,1608965,47N,2017-10-20 00:00
Bungarus fasciatus,BUFA001,M,821487,1608965,47N,2017-10-21 00:00
Bungarus fasciatus,BUFA001,M,821590,1608203,47N,2017-10-23 00:00
Bungarus fasciatus,BUFA001,M,821590,1608203,47N,2017-10-25 00:00
Bungarus fasciatus,BUFA001,M,821590,1608203,47N,2017-10-27 00:00
Bungarus fasciatus,BUFA001,M,820928,1608519,47N,2017-11-03 00:00
Bungarus fasciatus,BUFA001,M,820928,1608519,47N,2017-11-04 00:00
Bungarus fasciatus,BUFA001,M,820928,1608519,47N,2017-11-05 00:00
Bungarus fasciatus,BUFA001,M,820928,1608519,47N,2017-11-06 00:00
Bungarus fasciatus,BUFA001,M,820928,1608519,47N,2017-11-07 00:00
Bungarus fasciatus,BUFA001,M,820935,1608564,47N,2017-11-08 00:00
Bungarus fasciatus,BUFA001,M,821373,1608605,47N,2017-11-09 00:00
Bungarus fasciatus,BUFA001,M,821358,1608353,47N,2017-11-10 00:00
Bungarus fasciatus,BUFA001,M,821358,1608353,47N,2017-11-11 00:00
Bungarus fasciatus,BUFA001,M,821358,1608353,47N,2017-11-12 00:00
Bungarus fasciatus,BUFA001,M,821358,1608353,47N,2017-11-13 00:00
Bungarus fasciatus,BUFA001,M,821358,1608353,47N,2017-11-14 00:00
Bungarus fasciatus,BUFA001,M,821358,1608353,47N,2017-11-15 00:00
Bungarus fasciatus,BUFA001,M,821358,1608353,47N,2017-11-17 00:00
Bungarus fasciatus,BUFA001,M,821358,1608353,47N,2017-11-21 00:00
Bungarus fasciatus,BUFA001,M,821564,1607962,47N,2017-11-22 00:00
Bungarus fasciatus,BUFA004,F,820757,1608307,47N,2017-03-13 17:00
Bungarus fasciatus,BUFA004,F,820757,1608307,47N,2017-03-14 17:00
Bungarus fasciatus,BUFA004,F,820757,1608307,47N,2017-03-17 17:00
Bungarus fasciatus,BUFA004,F,820757,1608307,47N,2017-03-18 17:00
Bungarus fasciatus,BUFA004,F,820757,1608307,47N,2017-03-19 17:00
Bungarus fasciatus,BUFA004,F,820757,1608307,47N,2017-03-20 17:00
Bungarus fasciatus,BUFA004,F,820757,1608307,47N,2017-03-21 17:00
Bungarus fasciatus,BUFA004,F,820757,1608307,47N,2017-03-22 17:00
Bungarus fasciatus,BUFA004,F,820757,1608307,47N,2017-03-23 17:00
Bungarus fasciatus,BUFA004,F,820757,1608307,47N,2017-03-24 17:00
Bungarus fasciatus,BUFA004,F,820757,1608307,47N,2017-03-26 17:00
Bungarus fasciatus,BUFA004,F,820757,1608307,47N,2017-03-27 17:00
Bungarus fasciatus,BUFA004,F,820757,1608307,47N,2017-03-28 17:00
Bungarus fasciatus,BUFA004,F,820757,1608307,47N,2017-03-29 17:00
Bungarus fasciatus,BUFA004,F,820757,1608307,47N,2017-03-30 17:00
Bungarus fasciatus,BUFA004,F,820757,1608307,47N,2017-03-31 17:00
Bungarus fasciatus,BUFA004,F,820757,1608307,47N,2017-04-01 17:00
Bungarus fasciatus,BUFA004,F,820797,1608310,47N,2017-04-02 17:00
Bungarus fasciatus,BUFA004,F,820797,1608310,47N,2017-04-03 17:00
Bungarus fasciatus,BUFA004,F,820797,1608310,47N,2017-04-04 17:00
Bungarus fasciatus,BUFA004,F,820797,1608310,47N,2017-04-05 17:00
Bungarus fasciatus,BUFA004,F,820797,1608310,47N,2017-04-06 17:00
Bungarus fasciatus,BUFA004,F,820797,1608310,47N,2017-04-07 17:00
Bungarus fasciatus,BUFA004,F,820797,1608310,47N,2017-04-08 17:00
Bungarus fasciatus,BUFA004,F,820797,1608310,47N,2017-04-09 17:00
Bungarus fasciatus,BUFA004,F,820797,1608310,47N,2017-04-10 17:00
Bungarus fasciatus,BUFA004,F,820797,1608310,47N,2017-04-11 17:00
Bungarus fasciatus,BUFA004,F,820746,1608323,47N,2017-04-12 17:00
Bungarus fasciatus,BUFA004,F,820746,1608323,47N,2017-04-13 17:00
Bungarus fasciatus,BUFA004,F,820756,1608351,47N,2017-04-14 17:00
Bungarus fasciatus,BUFA004,F,820777,1608418,47N,2017-04-15 17:00
Bungarus fasciatus,BUFA004,F,820797,1608310,47N,2017-04-16 17:00
Bungarus fasciatus,BUFA004,F,820797,1608310,47N,2017-04-17 17:00
Bungarus fasciatus,BUFA004,F,820797,1608310,47N,2017-04-18 17:00
Bungarus fasciatus,BUFA004,F,820797,1608310,47N,2017-04-19 17:00
Bungarus fasciatus,BUFA004,F,820797,1608310,47N,2017-04-20 17:00
Bungarus fasciatus,BUFA004,F,820797,1608310,47N,2017-04-21 17:00
Bungarus fasciatus,BUFA004,F,820797,1608310,47N,2017-04-23 17:00
Bungarus fasciatus,BUFA004,F,820797,1608310,47N,2017-04-24 17:00
Bungarus fasciatus,BUFA004,F,820797,1608310,47N,2017-04-25 17:00
Bungarus fasciatus,BUFA004,F,820797,1608310,47N,2017-04-26 17:00
Bungarus fasciatus,BUFA004,F,820797,1608310,47N,2017-05-02 17:00
Bungarus fasciatus,BUFA004,F,820797,1608310,47N,2017-05-03 17:00
Bungarus fasciatus,BUFA004,F,820797,1608310,47N,2017-05-04 17:00
Bungarus fasciatus,BUFA004,F,820797,1608310,47N,2017-05-05 17:00
Bungarus fasciatus,BUFA004,F,820797,1608310,47N,2017-05-06 17:00
Bungarus fasciatus,BUFA004,F,820797,1608310,47N,2017-05-07 17:00
Bungarus fasciatus,BUFA004,F,820797,1608310,47N,2017-05-08 17:00
Bungarus fasciatus,BUFA004,F,820797,1608310,47N,2017-05-09 17:00
Bungarus fasciatus,BUFA004,F,820797,1608310,47N,2017-05-10 17:00
Bungarus fasciatus,BUFA004,F,820797,1608310,47N,2017-05-11 17:00
Bungarus fasciatus,BUFA004,F,820797,1608310,47N,2017-05-12 17:00
Bungarus fasciatus,BUFA004,F,820820,1608421,47N,2017-05-13 17:00
Bungarus fasciatus,BUFA004,F,820797,1608310,47N,2017-05-14 17:00
Bungarus fasciatus,BUFA004,F,820797,1608310,47N,2017-05-15 17:00
Bungarus fasciatus,BUFA004,F,820797,1608310,47N,2017-05-16 17:00
Bungarus fasciatus,BUFA004,F,820797,1608310,47N,2017-05-17 17:00
Bungarus fasciatus,BUFA004,F,820797,1608310,47N,2017-05-18 17:00
Bungarus fasciatus,BUFA004,F,820797,1608310,47N,2017-05-19 17:00
Bungarus fasciatus,BUFA004,F,820797,1608310,47N,2017-05-20 17:00
Bungarus fasciatus,BUFA004,F,820797,1608310,47N,2017-05-21 17:00
Bungarus fasciatus,BUFA004,F,820797,1608310,47N,2017-05-22 17:00
Bungarus fasciatus,BUFA004,F,820797,1608310,47N,2017-05-23 17:00
Bungarus fasciatus,BUFA004,F,820797,1608310,47N,2017-05-27 17:00
Bungarus fasciatus,BUFA004,F,820797,1608310,47N,2017-05-28 17:00
Bungarus fasciatus,BUFA004,F,820797,1608310,47N,2017-05-29 17:00
Bungarus fasciatus,BUFA004,F,820797,1608310,47N,2017-05-30 17:00
Bungarus fasciatus,BUFA004,F,820797,1608310,47N,2017-05-31 17:00
Bungarus fasciatus,BUFA004,F,820797,1608310,47N,2017-06-02 17:00
Bungarus fasciatus,BUFA004,F,820797,1608310,47N,2017-06-03 17:00
Bungarus fasciatus,BUFA004,F,820773,1608418,47N,2017-06-04 17:00
Bungarus fasciatus,BUFA004,F,820797,1608310,47N,2017-06-05 17:00
Bungarus fasciatus,BUFA004,F,820797,1608310,47N,2017-06-06 17:00
Bungarus fasciatus,BUFA004,F,820797,1608310,47N,2017-06-07 17:00
Bungarus fasciatus,BUFA004,F,820797,1608310,47N,2017-06-08 17:00
Bungarus fasciatus,BUFA004,F,820797,1608310,47N,2017-06-09 17:00
Bungarus fasciatus,BUFA004,F,820797,1608310,47N,2017-06-10 17:00
Bungarus fasciatus,BUFA004,F,820797,1608310,47N,2017-06-11 17:00
Bungarus fasciatus,BUFA004,F,820760,1608272,47N,2017-06-12 17:00
Bungarus fasciatus,BUFA004,F,820797,1608310,47N,2017-06-13 17:00
Bungarus fasciatus,BUFA004,F,820797,1608310,47N,2017-06-14 17:00
Bungarus fasciatus,BUFA004,F,820797,1608310,47N,2017-06-15 17:00
Bungarus fasciatus,BUFA004,F,820797,1608310,47N,2017-06-16 17:00
Bungarus fasciatus,BUFA004,F,820746,1608323,47N,2017-06-17 17:00
Bungarus fasciatus,BUFA004,F,820746,1608323,47N,2017-06-18 17:00
Bungarus fasciatus,BUFA004,F,820746,1608323,47N,2017-06-19 17:00
Bungarus fasciatus,BUFA004,F,820747,1608313,47N,2017-06-20 17:00
Bungarus fasciatus,BUFA004,F,820747,1608313,47N,2017-06-21 17:00
Bungarus fasciatus,BUFA004,F,820747,1608313,47N,2017-06-22 17:00
Bungarus fasciatus,BUFA004,F,820747,1608313,47N,2017-06-23 17:00
Bungarus fasciatus,BUFA004,F,820802,1608211,47N,2017-06-24 17:00
Bungarus fasciatus,BUFA004,F,820802,1608211,47N,2017-06-25 17:00
Bungarus fasciatus,BUFA004,F,820558,1608130,47N,2017-06-26 17:00
Bungarus fasciatus,BUFA004,F,820635,1608066,47N,2017-06-27 17:00
Bungarus fasciatus,BUFA004,F,820491,1608099,47N,2017-06-28 17:00
Bungarus fasciatus,BUFA004,F,820491,1608099,47N,2017-06-29 17:00
Bungarus fasciatus,BUFA004,F,820483,1608084,47N,2017-06-30 17:00
Bungarus fasciatus,BUFA004,F,820705,1608042,47N,2017-07-01 17:00
Bungarus fasciatus,BUFA004,F,820492,1608120,47N,2017-07-02 17:00
Bungarus fasciatus,BUFA004,F,820507,1608174,47N,2017-07-03 17:00
Bungarus fasciatus,BUFA004,F,820727,1608340,47N,2017-07-04 17:00
Bungarus fasciatus,BUFA004,F,820777,1608418,47N,2017-07-05 17:00
Bungarus fasciatus,BUFA004,F,820777,1608418,47N,2017-07-06 17:00
Bungarus fasciatus,BUFA004,F,820777,1608418,47N,2017-07-07 17:00
Bungarus fasciatus,BUFA004,F,820777,1608418,47N,2017-07-08 17:00
Bungarus fasciatus,BUFA004,F,820777,1608418,47N,2017-07-09 17:00
Bungarus fasciatus,BUFA004,F,820777,1608418,47N,2017-07-10 17:00
Bungarus fasciatus,BUFA004,F,820777,1608418,47N,2017-07-11 17:00
Bungarus fasciatus,BUFA004,F,820777,1608418,47N,2017-07-12 17:00
Bungarus fasciatus,BUFA004,F,820777,1608418,47N,2017-07-13 17:00
Bungarus fasciatus,BUFA004,F,820777,1608418,47N,2017-07-14 17:00
Bungarus fasciatus,BUFA004,F,820719,1608313,47N,2017-07-18 17:00
Bungarus fasciatus,BUFA004,F,820719,1608313,47N,2017-07-23 17:00
Bungarus fasciatus,BUFA004,F,820719,1608313,47N,2017-07-24 17:00
Bungarus fasciatus,BUFA004,F,820719,1608313,47N,2017-07-25 17:00
Bungarus fasciatus,BUFA004,F,820719,1608313,47N,2017-07-26 17:00
Bungarus fasciatus,BUFA004,F,820719,1608313,47N,2017-07-27 17:00
Bungarus fasciatus,BUFA004,F,820719,1608313,47N,2017-07-28 17:00
Bungarus fasciatus,BUFA004,F,820726,1608312,47N,2017-07-29 17:00
Bungarus fasciatus,BUFA004,F,820806,1608212,47N,2017-08-02 17:00
Bungarus fasciatus,BUFA004,F,820806,1608212,47N,2017-08-03 17:00
Bungarus fasciatus,BUFA004,F,820806,1608212,47N,2017-08-04 17:00
Bungarus fasciatus,BUFA004,F,820806,1608212,47N,2017-08-05 17:00
Bungarus fasciatus,BUFA004,F,820806,1608212,47N,2017-08-06 17:00
Bungarus fasciatus,BUFA004,F,820806,1608212,47N,2017-08-07 17:00
Bungarus fasciatus,BUFA004,F,820724,1608059,47N,2017-08-08 17:00
Bungarus fasciatus,BUFA004,F,820724,1608039,47N,2017-08-09 17:00
Bungarus fasciatus,BUFA004,F,820724,1608039,47N,2017-08-10 17:00
Bungarus fasciatus,BUFA004,F,820824,1607941,47N,2017-08-11 17:00
Bungarus fasciatus,BUFA004,F,820824,1607941,47N,2017-08-12 17:00
Bungarus fasciatus,BUFA004,F,820824,1607941,47N,2017-08-13 17:00
Bungarus fasciatus,BUFA004,F,820783,1607982,47N,2017-08-14 17:00
Bungarus fasciatus,BUFA004,F,820783,1607982,47N,2017-08-15 17:00
Bungarus fasciatus,BUFA004,F,820795,1607985,47N,2017-08-16 17:00
Bungarus fasciatus,BUFA004,F,820795,1607985,47N,2017-08-17 17:00
Bungarus fasciatus,BUFA004,F,820795,1607985,47N,2017-08-18 17:00
Bungarus fasciatus,BUFA004,F,820795,1607985,47N,2017-08-19 17:00
Bungarus fasciatus,BUFA004,F,820795,1607985,47N,2017-08-20 17:00
Bungarus fasciatus,BUFA004,F,820795,1607985,47N,2017-08-21 17:00
Bungarus fasciatus,BUFA004,F,820795,1607985,47N,2017-08-22 17:00
Bungarus fasciatus,BUFA004,F,820795,1607985,47N,2017-08-24 17:00
Bungarus fasciatus,BUFA004,F,820795,1607985,47N,2017-08-25 17:00
Bungarus fasciatus,BUFA004,F,820838,1607934,47N,2017-08-26 17:00
Bungarus fasciatus,BUFA004,F,820755,1607976,47N,2017-08-27 17:00
Bungarus fasciatus,BUFA004,F,820755,1607976,47N,2017-08-28 17:00
Bungarus fasciatus,BUFA004,F,820755,1607976,47N,2017-08-29 17:00
Bungarus fasciatus,BUFA004,F,820761,1607557,47N,2017-08-31 17:00
Bungarus fasciatus,BUFA004,F,820619,1607391,47N,2017-09-01 17:00
Bungarus fasciatus,BUFA004,F,820560,1607393,47N,2017-09-02 17:00
Bungarus fasciatus,BUFA004,F,820560,1607393,47N,2017-09-03 17:00
Bungarus fasciatus,BUFA004,F,820560,1607393,47N,2017-09-04 17:00
Bungarus fasciatus,BUFA004,F,820817,1607512,47N,2017-09-05 17:00
Bungarus fasciatus,BUFA004,F,820846,1607655,47N,2017-09-06 17:00
Bungarus fasciatus,BUFA004,F,820795,1607985,47N,2017-09-07 17:00
Bungarus fasciatus,BUFA004,F,820783,1607982,47N,2017-09-08 17:00
Bungarus fasciatus,BUFA004,F,820783,1607982,47N,2017-09-09 17:00
Bungarus fasciatus,BUFA004,F,820783,1607982,47N,2017-09-10 17:00
Bungarus fasciatus,BUFA004,F,820783,1607982,47N,2017-09-11 17:00
Bungarus fasciatus,BUFA004,F,820783,1607982,47N,2017-09-12 17:00
Bungarus fasciatus,BUFA004,F,820783,1607982,47N,2017-09-13 17:00
Bungarus fasciatus,BUFA004,F,820783,1607982,47N,2017-09-15 17:00
Bungarus fasciatus,BUFA004,F,820626,1607736,47N,2017-09-16 17:00
Bungarus fasciatus,BUFA004,F,820711,1607443,47N,2017-09-17 17:00
Bungarus fasciatus,BUFA004,F,820560,1607393,47N,2017-09-18 17:00
Bungarus fasciatus,BUFA004,F,820735,1607305,47N,2017-09-19 17:00
Bungarus fasciatus,BUFA004,F,820735,1607305,47N,2017-09-20 17:00
Bungarus fasciatus,BUFA004,F,820735,1607305,47N,2017-09-21 17:00
Bungarus fasciatus,BUFA004,F,820641,1607265,47N,2017-09-22 17:00
Bungarus fasciatus,BUFA004,F,820641,1607265,47N,2017-09-24 17:00
Bungarus fasciatus,BUFA004,F,820774,1607319,47N,2017-09-25 17:00
Bungarus fasciatus,BUFA004,F,820774,1607319,47N,2017-09-26 17:00
Bungarus fasciatus,BUFA004,F,820774,1607319,47N,2017-09-27 17:00
Bungarus fasciatus,BUFA004,F,820774,1607319,47N,2017-09-28 17:00
Bungarus fasciatus,BUFA004,F,820774,1607319,47N,2017-09-29 17:00
Bungarus fasciatus,BUFA004,F,820774,1607319,47N,2017-09-30 17:00
Bungarus fasciatus,BUFA004,F,820774,1607319,47N,2017-10-01 17:00
Bungarus fasciatus,BUFA004,F,820774,1607319,47N,2017-10-02 17:00
Bungarus fasciatus,BUFA004,F,820774,1607319,47N,2017-10-03 17:00
Bungarus fasciatus,BUFA004,F,820774,1607319,47N,2017-10-04 17:00
Bungarus fasciatus,BUFA004,F,820774,1607319,47N,2017-10-07 17:00
Bungarus fasciatus,BUFA004,F,820595,1607325,47N,2017-10-10 17:00
Bungarus fasciatus,BUFA004,F,820595,1607325,47N,2017-10-11 17:00
Bungarus fasciatus,BUFA003,F,820828,1608446,47N,2017-03-14 17:00
Bungarus fasciatus,BUFA003,F,820807,1608475,47N,2017-03-16 17:00
Bungarus fasciatus,BUFA003,F,820807,1608475,47N,2017-03-17 17:00
Bungarus fasciatus,BUFA003,F,820807,1608475,47N,2017-03-18 17:00
Bungarus fasciatus,BUFA003,F,820807,1608475,47N,2017-03-19 17:00
Bungarus fasciatus,BUFA003,F,820790,1608423,47N,2017-03-20 17:00
Bungarus fasciatus,BUFA003,F,820790,1608423,47N,2017-03-21 17:00
Bungarus fasciatus,BUFA003,F,820790,1608423,47N,2017-03-22 17:00
Bungarus fasciatus,BUFA003,F,820790,1608423,47N,2017-03-23 17:00
Bungarus fasciatus,BUFA003,F,820790,1608423,47N,2017-03-24 17:00
Bungarus fasciatus,BUFA003,F,820790,1608423,47N,2017-03-26 17:00
Bungarus fasciatus,BUFA003,F,820793,1608421,47N,2017-03-27 17:00
Bungarus fasciatus,BUFA003,F,820793,1608421,47N,2017-03-28 17:00
Bungarus fasciatus,BUFA003,F,820793,1608421,47N,2017-03-29 17:00
Bungarus fasciatus,BUFA003,F,820793,1608421,47N,2017-03-30 17:00
Bungarus fasciatus,BUFA003,F,820793,1608421,47N,2017-03-31 17:00
Bungarus fasciatus,BUFA003,F,820793,1608421,47N,2017-04-01 17:00
Bungarus fasciatus,BUFA003,F,820791,1608437,47N,2017-04-02 17:00
Bungarus fasciatus,BUFA003,F,820791,1608437,47N,2017-04-03 17:00
Bungarus fasciatus,BUFA003,F,820777,1608418,47N,2017-04-04 17:00
Bungarus fasciatus,BUFA003,F,820777,1608418,47N,2017-04-05 17:00
Bungarus fasciatus,BUFA003,F,820777,1608418,47N,2017-04-06 17:00
Bungarus fasciatus,BUFA003,F,820777,1608418,47N,2017-04-07 17:00
Bungarus fasciatus,BUFA003,F,820777,1608418,47N,2017-04-08 17:00
Bungarus fasciatus,BUFA003,F,820777,1608418,47N,2017-04-09 17:00
Bungarus fasciatus,BUFA003,F,820777,1608418,47N,2017-04-10 17:00
Bungarus fasciatus,BUFA003,F,820777,1608418,47N,2017-04-11 17:00
Bungarus fasciatus,BUFA003,F,820777,1608418,47N,2017-04-12 17:00
Bungarus fasciatus,BUFA003,F,820797,1608310,47N,2017-04-13 17:00
Bungarus fasciatus,BUFA003,F,820797,1608310,47N,2017-04-14 17:00
Bungarus fasciatus,BUFA003,F,820797,1608310,47N,2017-04-15 17:00
Bungarus fasciatus,BUFA003,F,820797,1608310,47N,2017-04-16 17:00
Bungarus fasciatus,BUFA003,F,820797,1608310,47N,2017-04-17 17:00
Bungarus fasciatus,BUFA003,F,820797,1608310,47N,2017-04-18 17:00
Bungarus fasciatus,BUFA003,F,820797,1608310,47N,2017-04-19 17:00
Bungarus fasciatus,BUFA003,F,820797,1608310,47N,2017-04-20 17:00
Bungarus fasciatus,BUFA003,F,820797,1608310,47N,2017-04-21 17:00
Bungarus fasciatus,BUFA003,F,820797,1608310,47N,2017-04-23 17:00
Bungarus fasciatus,BUFA003,F,820797,1608310,47N,2017-04-24 17:00
Bungarus fasciatus,BUFA003,F,820797,1608310,47N,2017-04-25 17:00
Bungarus fasciatus,BUFA003,F,820797,1608310,47N,2017-04-26 17:00
Bungarus fasciatus,BUFA003,F,820797,1608310,47N,2017-05-02 17:00
Bungarus fasciatus,BUFA003,F,820797,1608310,47N,2017-05-03 17:00
Bungarus fasciatus,BUFA003,F,820797,1608310,47N,2017-05-04 17:00
Bungarus fasciatus,BUFA003,F,820797,1608310,47N,2017-05-05 17:00
Bungarus fasciatus,BUFA003,F,820797,1608310,47N,2017-05-06 17:00
Bungarus fasciatus,BUFA003,F,820797,1608310,47N,2017-05-07 17:00
Bungarus fasciatus,BUFA003,F,820797,1608310,47N,2017-05-08 17:00
Bungarus fasciatus,BUFA003,F,820797,1608310,47N,2017-05-09 17:00
Bungarus fasciatus,BUFA003,F,820751,1608343,47N,2017-05-10 17:00
Bungarus fasciatus,BUFA003,F,820797,1608310,47N,2017-05-11 17:00
Bungarus fasciatus,BUFA003,F,820797,1608310,47N,2017-05-12 17:00
Bungarus fasciatus,BUFA003,F,820614,1608609,47N,2017-05-13 17:00
Bungarus fasciatus,BUFA003,F,820608,1608601,47N,2017-05-14 17:00
Bungarus fasciatus,BUFA003,F,820797,1608310,47N,2017-05-15 17:00
Bungarus fasciatus,BUFA003,F,820797,1608310,47N,2017-05-16 17:00
Bungarus fasciatus,BUFA003,F,820797,1608310,47N,2017-05-17 17:00
Bungarus fasciatus,BUFA003,F,820797,1608310,47N,2017-05-18 17:00
Bungarus fasciatus,BUFA003,F,820797,1608310,47N,2017-05-19 17:00
Bungarus fasciatus,BUFA003,F,820797,1608310,47N,2017-05-20 17:00
Bungarus fasciatus,BUFA003,F,820797,1608310,47N,2017-05-21 17:00
Bungarus fasciatus,BUFA003,F,820797,1608310,47N,2017-05-22 17:00
Bungarus fasciatus,BUFA003,F,820797,1608310,47N,2017-05-23 17:00
Bungarus fasciatus,BUFA003,F,820797,1608310,47N,2017-05-27 17:00
Bungarus fasciatus,BUFA003,F,820797,1608310,47N,2017-05-28 17:00
Bungarus fasciatus,BUFA003,F,820797,1608310,47N,2017-05-29 17:00
Bungarus fasciatus,BUFA003,F,820797,1608310,47N,2017-05-30 17:00
Bungarus fasciatus,BUFA003,F,820797,1608310,47N,2017-05-31 17:00
Bungarus fasciatus,BUFA003,F,820797,1608310,47N,2017-06-02 17:00
Bungarus fasciatus,BUFA003,F,820797,1608310,47N,2017-06-03 17:00
Bungarus fasciatus,BUFA003,F,820797,1608310,47N,2017-06-04 17:00
Bungarus fasciatus,BUFA003,F,820797,1608310,47N,2017-06-05 17:00
Bungarus fasciatus,BUFA003,F,820797,1608310,47N,2017-06-06 17:00
Bungarus fasciatus,BUFA003,F,820797,1608310,47N,2017-06-07 17:00
Bungarus fasciatus,BUFA003,F,820797,1608310,47N,2017-06-08 17:00
Bungarus fasciatus,BUFA003,F,820797,1608310,47N,2017-06-09 17:00
Bungarus fasciatus,BUFA003,F,820797,1608310,47N,2017-06-10 17:00
Bungarus fasciatus,BUFA003,F,820797,1608310,47N,2017-06-11 17:00
Bungarus fasciatus,BUFA003,F,820797,1608310,47N,2017-06-12 17:00
Bungarus fasciatus,BUFA003,F,820797,1608310,47N,2017-06-13 17:00
Bungarus fasciatus,BUFA003,F,820797,1608310,47N,2017-06-14 17:00
Bungarus fasciatus,BUFA003,F,820797,1608310,47N,2017-06-15 17:00
Bungarus fasciatus,BUFA003,F,820797,1608310,47N,2017-06-16 17:00
Bungarus fasciatus,BUFA003,F,820797,1608310,47N,2017-06-17 17:00
Bungarus fasciatus,BUFA003,F,820797,1608310,47N,2017-06-18 17:00
Bungarus fasciatus,BUFA003,F,820797,1608310,47N,2017-06-19 17:00
Bungarus fasciatus,BUFA003,F,820797,1608310,47N,2017-06-20 17:00
Bungarus fasciatus,BUFA003,F,820797,1608310,47N,2017-06-21 17:00
Bungarus fasciatus,BUFA003,F,820797,1608310,47N,2017-06-22 17:00
Bungarus fasciatus,BUFA003,F,820797,1608310,47N,2017-06-23 17:00
Bungarus fasciatus,BUFA003,F,820797,1608310,47N,2017-06-24 17:00
Bungarus fasciatus,BUFA003,F,820797,1608310,47N,2017-06-25 17:00
Bungarus fasciatus,BUFA003,F,820797,1608310,47N,2017-06-26 17:00
Bungarus fasciatus,BUFA003,F,820797,1608310,47N,2017-06-27 17:00
Bungarus fasciatus,BUFA003,F,820797,1608310,47N,2017-06-28 17:00
Bungarus fasciatus,BUFA003,F,820797,1608310,47N,2017-06-29 17:00
Bungarus fasciatus,BUFA003,F,820797,1608310,47N,2017-06-30 17:00
Bungarus fasciatus,BUFA003,F,820778,1608309,47N,2017-07-01 17:00
Bungarus fasciatus,BUFA003,F,820754,1608306,47N,2017-07-02 17:00
Bungarus fasciatus,BUFA003,F,820557,1608196,47N,2017-07-03 17:00
Bungarus fasciatus,BUFA003,F,820628,1608194,47N,2017-07-04 17:00
Bungarus fasciatus,BUFA003,F,820628,1608194,47N,2017-07-05 17:00
Bungarus fasciatus,BUFA003,F,820750,1608308,47N,2017-07-06 17:00
Bungarus fasciatus,BUFA003,F,820750,1608308,47N,2017-07-07 17:00
Bungarus fasciatus,BUFA003,F,820819,1608465,47N,2017-07-08 17:00
Bungarus fasciatus,BUFA003,F,820734,1608627,47N,2017-07-09 17:00
Bungarus fasciatus,BUFA003,F,820734,1608627,47N,2017-07-10 17:00
Bungarus fasciatus,BUFA003,F,820734,1608627,47N,2017-07-11 17:00
Bungarus fasciatus,BUFA003,F,820939,1608563,47N,2017-07-12 17:00
Bungarus fasciatus,BUFA003,F,820939,1608563,47N,2017-07-13 17:00
Bungarus fasciatus,BUFA003,F,820931,1608530,47N,2017-07-14 17:00
Bungarus fasciatus,BUFA003,F,820931,1608530,47N,2017-07-15 17:00
Bungarus fasciatus,BUFA003,F,820931,1608530,47N,2017-07-16 17:00
Bungarus fasciatus,BUFA003,F,820931,1608530,47N,2017-07-17 17:00
Bungarus fasciatus,BUFA003,F,820931,1608530,47N,2017-07-18 17:00
Bungarus fasciatus,BUFA003,F,820550,1608550,47N,2017-07-23 17:00
Bungarus fasciatus,BUFA003,F,820550,1608550,47N,2017-07-24 17:00
Bungarus fasciatus,BUFA003,F,820550,1608550,47N,2017-07-25 17:00
Bungarus fasciatus,BUFA003,F,820550,1608550,47N,2017-07-26 17:00
Bungarus fasciatus,BUFA003,F,820567,1608554,47N,2017-07-27 17:00
Bungarus fasciatus,BUFA003,F,820568,1608530,47N,2017-07-28 17:00
Bungarus fasciatus,BUFA003,F,820568,1608530,47N,2017-07-29 17:00
Bungarus fasciatus,BUFA003,F,820576,1608532,47N,2017-08-02 17:00
Bungarus fasciatus,BUFA003,F,820576,1608538,47N,2017-08-03 17:00
Bungarus fasciatus,BUFA003,F,820576,1608538,47N,2017-08-04 17:00
Bungarus fasciatus,BUFA003,F,820576,1608538,47N,2017-08-05 17:00
Bungarus fasciatus,BUFA003,F,820576,1608538,47N,2017-08-06 17:00
Bungarus fasciatus,BUFA003,F,820576,1608538,47N,2017-08-07 17:00
Bungarus fasciatus,BUFA003,F,820576,1608538,47N,2017-08-08 17:00
Bungarus fasciatus,BUFA003,F,820576,1608538,47N,2017-08-09 17:00
Bungarus fasciatus,BUFA003,F,820576,1608538,47N,2017-08-10 17:00
Bungarus fasciatus,BUFA003,F,820576,1608538,47N,2017-08-11 17:00
Bungarus fasciatus,BUFA003,F,820576,1608538,47N,2017-08-12 17:00
Bungarus fasciatus,BUFA003,F,820576,1608538,47N,2017-08-13 17:00
Bungarus fasciatus,BUFA003,F,820599,1608606,47N,2017-08-14 17:00
Bungarus fasciatus,BUFA003,F,820599,1608606,47N,2017-08-15 17:00
Bungarus fasciatus,BUFA003,F,820550,1608550,47N,2017-08-16 17:00
Bungarus fasciatus,BUFA003,F,820547,1608485,47N,2017-08-17 17:00
Bungarus fasciatus,BUFA003,F,820571,1608514,47N,2017-08-18 17:00
Bungarus fasciatus,BUFA003,F,820571,1608514,47N,2017-08-19 17:00
Bungarus fasciatus,BUFA003,F,820571,1608514,47N,2017-08-20 17:00
Bungarus fasciatus,BUFA003,F,820571,1608514,47N,2017-08-21 17:00
Bungarus fasciatus,BUFA003,F,820588,1608539,47N,2017-08-22 17:00
Bungarus fasciatus,BUFA003,F,820471,1608229,47N,2017-08-24 17:00
Bungarus fasciatus,BUFA003,F,820471,1608229,47N,2017-08-25 17:00
Bungarus fasciatus,BUFA003,F,820471,1608229,47N,2017-08-26 17:00
Bungarus fasciatus,BUFA003,F,820471,1608229,47N,2017-08-27 17:00
Bungarus fasciatus,BUFA003,F,820739,1608387,47N,2017-08-28 17:00
Bungarus fasciatus,BUFA003,F,820773,1608422,47N,2017-08-29 17:00
Bungarus fasciatus,BUFA003,F,820773,1608422,47N,2017-08-31 17:00
Bungarus fasciatus,BUFA003,F,820773,1608422,47N,2017-09-01 17:00
Bungarus fasciatus,BUFA003,F,820773,1608422,47N,2017-09-02 17:00
Bungarus fasciatus,BUFA003,F,820773,1608422,47N,2017-09-03 17:00
Bungarus fasciatus,BUFA003,F,820773,1608422,47N,2017-09-04 17:00
Bungarus fasciatus,BUFA003,F,820773,1608422,47N,2017-09-05 17:00
Bungarus fasciatus,BUFA003,F,820773,1608422,47N,2017-09-06 17:00
Bungarus fasciatus,BUFA003,F,820773,1608422,47N,2017-09-07 17:00
Bungarus fasciatus,BUFA003,F,820773,1608422,47N,2017-09-08 17:00
Bungarus fasciatus,BUFA003,F,820735,1608382,47N,2017-09-09 17:00
Bungarus fasciatus,BUFA003,F,820720,1608378,47N,2017-09-10 17:00
Bungarus fasciatus,BUFA003,F,820720,1608378,47N,2017-09-11 17:00
Bungarus fasciatus,BUFA003,F,820720,1608378,47N,2017-09-12 17:00
Bungarus fasciatus,BUFA003,F,820607,1608299,47N,2017-09-13 17:00
Bungarus fasciatus,BUFA003,F,820460,1608367,47N,2017-09-15 17:00
Bungarus fasciatus,BUFA003,F,820504,1608446,47N,2017-09-16 17:00
Bungarus fasciatus,BUFA003,F,820504,1608446,47N,2017-09-17 17:00
Bungarus fasciatus,BUFA003,F,820504,1608446,47N,2017-09-18 17:00
Bungarus fasciatus,BUFA003,F,820504,1608446,47N,2017-09-19 17:00
Bungarus fasciatus,BUFA003,F,820525,1608457,47N,2017-09-20 17:00
Bungarus fasciatus,BUFA003,F,820525,1608457,47N,2017-09-21 17:00
Bungarus fasciatus,BUFA003,F,820525,1608457,47N,2017-09-22 17:00
Bungarus fasciatus,BUFA003,F,820525,1608457,47N,2017-09-24 17:00
Bungarus fasciatus,BUFA003,F,820525,1608457,47N,2017-09-25 17:00
Bungarus fasciatus,BUFA003,F,820525,1608457,47N,2017-09-27 17:00
Bungarus fasciatus,BUFA003,F,820525,1608457,47N,2017-09-28 17:00
Bungarus fasciatus,BUFA003,F,820525,1608457,47N,2017-09-29 17:00
Bungarus fasciatus,BUFA003,F,820525,1608457,47N,2017-09-30 17:00
Bungarus fasciatus,BUFA003,F,820525,1608457,47N,2017-10-01 17:00
Bungarus fasciatus,BUFA003,F,820525,1608457,47N,2017-10-03 17:00
Bungarus fasciatus,BUFA003,F,820525,1608457,47N,2017-10-04 17:00
Bungarus fasciatus,BUFA003,F,820525,1608457,47N,2017-10-05 17:00
Bungarus fasciatus,BUFA003,F,820525,1608457,47N,2017-10-07 17:00
Bungarus fasciatus,BUFA003,F,820525,1608457,47N,2017-10-10 17:00
Bungarus fasciatus,BUFA003,F,820525,1608457,47N,2017-10-11 17:00
Bungarus fasciatus,BUFA003,F,820525,1608457,47N,2017-10-13 17:00
Bungarus fasciatus,BUFA003,F,820738,1608378,47N,2017-10-14 17:00
Bungarus fasciatus,BUFA003,F,820738,1608378,47N,2017-10-15 17:00
Bungarus fasciatus,BUFA003,F,820928,1608519,47N,2017-10-18 17:00
Bungarus fasciatus,BUFA003,F,820928,1608519,47N,2017-10-19 17:00
Bungarus fasciatus,BUFA003,F,820928,1608519,47N,2017-10-20 17:00
Bungarus fasciatus,BUFA003,F,820928,1608519,47N,2017-10-21 17:00
Bungarus fasciatus,BUFA003,F,820928,1608519,47N,2017-10-22 17:00
Bungarus fasciatus,BUFA003,F,820928,1608519,47N,2017-10-24 17:00
Bungarus fasciatus,BUFA003,F,820928,1608519,47N,2017-10-26 17:00
Bungarus fasciatus,BUFA003,F,820928,1608519,47N,2017-10-28 17:00
Bungarus fasciatus,BUFA003,F,820928,1608519,47N,2017-11-02 17:00
Bungarus fasciatus,BUFA003,F,820928,1608519,47N,2017-11-03 17:00
Bungarus fasciatus,BUFA003,F,820928,1608519,47N,2017-11-04 17:00
Bungarus fasciatus,BUFA003,F,820928,1608519,47N,2017-11-05 17:00
Bungarus fasciatus,BUFA003,F,820928,1608519,47N,2017-11-06 17:00
Bungarus fasciatus,BUFA003,F,820898,1608359,47N,2017-11-08 17:00
Bungarus fasciatus,BUFA003,F,820739,1608203,47N,2017-11-09 17:00
Bungarus fasciatus,BUFA003,F,820605,1608312,47N,2017-11-10 17:00
Bungarus fasciatus,BUFA003,F,820579,1608317,47N,2017-11-11 17:00
Bungarus fasciatus,BUFA003,F,820560,1608319,47N,2017-11-12 17:00
Bungarus fasciatus,BUFA003,F,820560,1608319,47N,2017-11-13 17:00
Bungarus fasciatus,BUFA003,F,820560,1608319,47N,2017-11-14 17:00
Bungarus fasciatus,BUFA003,F,820871,1608602,47N,2017-11-16 17:00
Bungarus fasciatus,BUFA003,F,820939,1608563,47N,2017-11-20 17:00
Bungarus fasciatus,BUFA003,F,820939,1608563,47N,2017-11-21 17:00
Bungarus fasciatus,BUFA003,F,820994,1608584,47N,2017-11-22 17:00
Bungarus fasciatus,BUFA003,F,820931,1608530,47N,2017-11-23 17:00
Bungarus fasciatus,BUFA003,F,820931,1608530,47N,2017-11-24 17:00
Bungarus fasciatus,BUFA003,F,820931,1608530,47N,2017-11-25 17:00
Bungarus fasciatus,BUFA003,F,820931,1608530,47N,2017-11-26 17:00
Bungarus fasciatus,BUFA003,F,820931,1608530,47N,2017-11-27 17:00
Bungarus fasciatus,BUFA003,F,820931,1608530,47N,2017-11-29 17:00
